Chromosome,Position,Reference,Alternate,Alternate Type,Depth,Ref Depth,Alt Depth,Percentage Supporting Variant,Gene,Effect Type,Most Severe Consequence
1,931393,G,T,SNV,4124,,,,HES4,downstream_gene_variant,non_coding_transcript_exon_variant
1,935222,C,A,SNV,1134,,,,HES4,intron_variant,missense_variant
1,1277533,T,C,SNV,786,,,,DVL1,synonymous_variant,synonymous_variant
1,1284490,G,A,SNV,228,,,,MXRA8,downstream_gene_variant,5_prime_UTR_variant
1,1571850,G,A,SNV,4055,,,,CDK11B,splice_region_variant,splice_region_variant
1,1572579,A,G,SNV,3456,,,,CDK11B,splice_polypyrimidine_tract_variant,splice_polypyrimidine_tract_variant
1,1575616,T,C,SNV,1118,,,,CDK11B,intron_variant,intron_variant
1,1575784,C,T,SNV,3476,,,,CDK11B,missense_variant,missense_variant
1,1577180,C,T,SNV,90,,,,CDK11B,splice_region_variant,splice_region_variant
1,1635004,T,C,SNV,4076,,,,MMP23A,downstream_gene_variant,synonymous_variant
1,1635749,C,A,SNV,3062,,,,MMP23A,downstream_gene_variant,synonymous_variant
1,1636044,G,A,SNV,3702,,,,MMP23A,downstream_gene_variant,synonymous_variant
1,1638994,C,T,SNV,1150,,,,CDK11A,missense_variant,missense_variant
1,1647778,C,G,SNV,5118,,,,CDK11A,splice_region_variant,splice_region_variant
1,1647814,T,C,SNV,5590,,,,CDK11A,synonymous_variant,synonymous_variant
1,1647871,T,C,SNV,5146,,,,CDK11A,synonymous_variant,synonymous_variant
1,1650787,T,C,SNV,2636,,,,CDK11A,missense_variant,missense_variant
1,1650797,ATTTT,GTTTC,MNV,2636,,,,CDK11A,frameshift_variant,frameshift_variant
1,1650807,T,C,SNV,2810,,,,CDK11A,synonymous_variant,synonymous_variant
1,1650832,A,G,SNV,3252,,,,CDK11A,missense_variant,missense_variant
1,1650845,G,A,SNV,2994,,,,CDK11A,missense_variant,missense_variant
1,1653004,T,C,SNV,2376,,,,SLC35E2,downstream_gene_variant,intron_variant
1,1653028,C,T,SNV,2722,,,,SLC35E2,downstream_gene_variant,splice_region_variant
1,1654129,TAAAAAAAT,TAAAAAAT,INDEL,2198,,,,SLC35E2,downstream_gene_variant,5_prime_UTR_variant
1,2160735,T,A,SNV,2111,,,,SKI,missense_variant,missense_variant
1,2164935,G,T,SNV,3772,,,,SKI,intron_variant,intron_variant
1,2488153,A,G,SNV,2000,,,,TNFRSF14,missense_variant,missense_variant
1,2489247,C,G,SNV,1634,,,,TNFRSF14,missense_variant,missense_variant
1,2985885,C,G,SNV,184,,,,PRDM16,intron_variant,intron_variant
1,3301721,C,T,SNV,1332,,,,PRDM16,synonymous_variant,synonymous_variant
1,3328358,T,C,SNV,4016,,,,PRDM16,missense_variant,missense_variant
1,3328659,C,T,SNV,5078,,,,PRDM16,missense_variant,missense_variant
1,3329384,C,T,SNV,1466,,,,PRDM16,intron_variant,intron_variant
1,3350212,CTGTGTGTGTGT,CTGTGTGTGT,INDEL,1924,,,,PRDM16,intron_variant,intron_variant
1,6184092,A,G,SNV,1802,,,,CHD5,missense_variant,missense_variant
1,6184728,TGGGGGGGGGGGA,TGGGGGGGGGGGGA,INDEL,116,,,,CHD5,splice_region_variant,splice_region_variant
1,6196869,A,G,SNV,1546,,,,CHD5,synonymous_variant,synonymous_variant
1,6209058,GTCCTCCTCCTCCT,GTCCTCCTCCT,INDEL,2504,,,,CHD5,frameshift_variant,frameshift_variant
1,6209363,T,C,SNV,2378,,,,CHD5,synonymous_variant,synonymous_variant
1,6211183,G,A,SNV,1530,,,,CHD5,synonymous_variant,synonymous_variant
1,6219477,TTTCTTCTTCTTCT,TTTCTTCTTCT,INDEL,4740,,,,CHD5,frameshift_variant,frameshift_variant
1,6228297,GAAAAAG,GAAAAG,INDEL,4340,,,,CHD5,frameshift_variant,frameshift_variant
1,6475586,TC,GA,MNV,1738,,,,HES2,3_prime_UTR_variant,3_prime_UTR_variant
1,6475604,G,A,SNV,1964,,,,HES2,3_prime_UTR_variant,3_prime_UTR_variant
1,6475686,C,T,SNV,2030,,,,HES2,3_prime_UTR_variant,3_prime_UTR_variant
1,6481842,A,G,SNV,5636,,,,ESPN,upstream_gene_variant,intron_variant
1,6947717,C,T,SNV,1448,,,,CAMTA1,intron_variant,missense_variant
1,7723588,C,T,SNV,2690,,,,CAMTA1,synonymous_variant,synonymous_variant
1,7723957,G,A,SNV,4658,,,,CAMTA1,synonymous_variant,synonymous_variant
1,7737799,A,G,SNV,1508,,,,CAMTA1,splice_donor_region_variant,splice_donor_region_variant
1,7797043,G,A,SNV,3468,,,,CAMTA1,missense_variant,missense_variant
1,7811328,CAAAAAAAAT,CAAAAAAAT,INDEL,2238,,,,CAMTA1,frameshift_variant,frameshift_variant
1,9782556,C,T,SNV,1222,,,,PIK3CD,intron_variant,intron_variant
1,10292359,CATATATATATATA,CATATATATATA,INDEL,2232,,,,KIF1B,5_prime_UTR_variant,5_prime_UTR_variant
1,10318744,C,A,SNV,2532,,,,KIF1B,intron_variant,intron_variant
1,10363203,GA,TT,MNV,2346,,,,KIF1B,intron_variant,intron_variant
1,10363209,G,T,SNV,2560,,,,KIF1B,intron_variant,splice_polypyrimidine_tract_variant
1,10435441,TTTGTTGTTGTTGTTGTTGT,TTTGTTGTTGTTGTTGT,INDEL,2396,,,,KIF1B,intron_variant,intron_variant
1,11167473,T,G,SNV,3515,,,,MTOR,3_prime_UTR_variant,3_prime_UTR_variant
1,11181327,C,T,SNV,1474,,,,MTOR,synonymous_variant,synonymous_variant
1,11187893,T,C,SNV,2382,,,,MTOR,intron_variant,intron_variant
1,11190646,G,A,SNV,2702,,,,MTOR,synonymous_variant,synonymous_variant
1,11190687,C,T,SNV,3318,,,,MTOR,missense_variant,missense_variant
1,11205058,C,T,SNV,2718,,,,MTOR,synonymous_variant,synonymous_variant
1,11259386,G,A,SNV,3318,,,,MTOR,synonymous_variant,synonymous_variant
1,11288758,G,A,SNV,4182,,,,MTOR,synonymous_variant,synonymous_variant
1,11301714,A,G,SNV,994,,,,MTOR,synonymous_variant,synonymous_variant
1,11917340,C,T,SNV,1860,,,,NPPB,downstream_gene_variant,downstream_gene_variant
1,11917620,TAAAAAAAT,TAAAAAAAAT,INDEL,1984,,,,NPPB,3_prime_UTR_variant,3_prime_UTR_variant
1,11919271,A,G,SNV,3830,,,,NPPB,upstream_gene_variant,upstream_gene_variant
1,14068537,C,T,SNV,3706,,,,PRDM2,missense_variant,missense_variant
1,14105094,AGAGGAGGAGGAGG,AGAGGAGGAGG,INDEL,2804,,,,PRDM2,frameshift_variant,frameshift_variant
1,14105258,CAAAAAC,CAAAAC,INDEL,5828,,,,PRDM2,frameshift_variant,frameshift_variant
1,14105605,A,G,SNV,4272,,,,PRDM2,missense_variant,missense_variant
1,14106394,ACTCC,ACTCCTCC,INDEL,4808,,,,PRDM2,frameshift_variant,frameshift_variant
1,14107209,T,C,SNV,3284,,,,PRDM2,synonymous_variant,synonymous_variant
1,14107256,T,C,SNV,3218,,,,PRDM2,missense_variant,missense_variant
1,14107932,C,T,SNV,4878,,,,PRDM2,synonymous_variant,synonymous_variant
1,14108559,GAAAAAAAAT,GAAAAAAAAAT,INDEL,5598,,,,PRDM2,frameshift_variant,frameshift_variant
1,14108748,CAAAAAAAAAG,CAAAAAAAAG,INDEL,3964,,,,PRDM2,inframe_insertion,inframe_insertion
1,14143003,A,G,SNV,2392,,,,PRDM2,synonymous_variant,missense_variant
1,16237577,GTTTTTTTTG,GTTTTTTTTTG,INDEL,2270,,,,SPEN,intron_variant,intron_variant
1,16248740,A,T,SNV,1308,,,,SPEN,splice_region_variant,splice_region_variant
1,16255141,GGAGAGAGAGAGAC,GGAGAGAGAGAC,INDEL,4972,,,,SPEN,frameshift_variant,frameshift_variant
1,16258731,A,G,SNV,5870,,,,SPEN,missense_variant,missense_variant
1,16262465,A,C,SNV,1088,,,,SPEN,missense_variant,missense_variant
1,16262471,A,C,SNV,1136,,,,SPEN,missense_variant,missense_variant
1,16262538,G,A,SNV,3532,,,,SPEN,missense_variant,missense_variant
1,16464673,G,A,SNV,1302,,,,EPHA2,synonymous_variant,synonymous_variant
1,16474995,G,A,SNV,2438,,,,EPHA2,missense_variant,missense_variant
1,16475189,G,A,SNV,3184,,,,EPHA2,synonymous_variant,synonymous_variant
1,17354373,GGAAGAAGAAGAAGAAGAAGAAGAAA,GGAAGAAGAAGAAGAAGAAGAAA,INDEL,1348,,,,SDHB,splice_polypyrimidine_tract_variant,splice_polypyrimidine_tract_variant
1,17380497,G,T,SNV,1164,,,,SDHB,synonymous_variant,synonymous_variant
1,19027239,A,G,SNV,2096,,,,PAX7,synonymous_variant,synonymous_variant
1,22388891,G,C,SNV,4388,,,,CDC42,intron_variant,intron_variant
1,22459170,G,A,SNV,1680,,,,WNT4,intron_variant,intron_variant
1,22919904,C,T,SNV,1618,,,,EPHA8,synonymous_variant,synonymous_variant
1,22922560,G,A,SNV,618,,,,EPHA8,intron_variant,intron_variant
1,22923789,T,C,SNV,1248,,,,EPHA8,splice_polypyrimidine_tract_variant,splice_polypyrimidine_tract_variant
1,22927314,A,G,SNV,1968,,,,EPHA8,intron_variant,intron_variant
1,22927326,T,G,SNV,1840,,,,EPHA8,intron_variant,intron_variant
1,22928265,A,G,SNV,774,,,,EPHA8,3_prime_UTR_variant,3_prime_UTR_variant
1,23219493,T,C,SNV,2232,,,,EPHB2,synonymous_variant,synonymous_variant
1,23346116,CGCGGCGGCGGCGG,CGCGGCGGCGG,INDEL,344,,,,KDM1A,frameshift_variant,frameshift_variant
1,23397837,G,A,SNV,3079,,,,KDM1A,synonymous_variant,synonymous_variant
1,23399932,C,T,SNV,2724,,,,KDM1A,intron_variant,intron_variant
1,23405608,C,T,SNV,3412,,,,LUZP1,downstream_gene_variant,missense_variant
1,23879052,CTTTTTTTTTTG,CTTTTTTTTTG,INDEL,1930,,,,RP1-150O5.3,upstream_gene_variant,upstream_gene_variant
1,23885498,T,C,SNV,2226,,,,ID3,missense_variant,missense_variant
1,23885599,T,C,SNV,1894,,,,ID3,intron_variant,intron_variant
1,23886839,GCCCCCCCCCA,GCCCCCCCCCCA,INDEL,1942,,,,ID3,upstream_gene_variant,upstream_gene_variant
1,23886935,T,G,SNV,3418,,,,ID3,upstream_gene_variant,upstream_gene_variant
1,23954292,C,T,SNV,4442,,,,MDS2,5_prime_UTR_variant,5_prime_UTR_variant
1,24460797,T,G,SNV,2800,,,,IL22RA1,synonymous_variant,synonymous_variant
1,24485518,T,C,SNV,2070,,,,IFNLR1,intron_variant,3_prime_UTR_variant
1,24485941,T,C,SNV,1796,,,,IFNLR1,intron_variant,intron_variant
1,24513768,G,A,SNV,212,,,,IFNLR1,upstream_gene_variant,intron_variant
1,25234555,A,G,SNV,1682,,,,RUNX3,intron_variant,intron_variant
1,25291010,A,T,SNV,5620,,,,RUNX3,missense_variant,missense_variant
1,25291140,ATTTTTTTTTC,ATTTTTTTTC,INDEL,3040,,,,RUNX3,5_prime_UTR_variant,5_prime_UTR_variant
1,26349532,GCCTCCTCCTCCTCCTC,GCCTCCTCCTCCTC,INDEL,3438,,,,EXTL1,frameshift_variant,frameshift_variant
1,26357656,C,A,SNV,3594,,,,EXTL1,missense_variant,missense_variant
1,26507394,G,A,SNV,2122,,,,CNKSR1,splice_region_variant,splice_region_variant
1,26511139,G,A,SNV,1788,,,,CNKSR1,intron_variant,intron_variant
1,26514921,T,A,SNV,1972,,,,CATSPER4,upstream_gene_variant,splice_polypyrimidine_tract_variant
1,26515956,C,A,SNV,3474,,,,CATSPER4,upstream_gene_variant,missense_variant
1,27023450,AGCGGCGGCGGCGG,AGCGGCGGCGG,INDEL,3574,,,,ARID1A,frameshift_variant,frameshift_variant
1,27089757,G,A,SNV,3224,,,,ARID1A,missense_variant,missense_variant
1,27100181,CGCAGCAGCAGCAGCAGCAGCAGCAA,CGCAGCAGCAGCAGCAGCAGCAA,INDEL,3346,,,,ARID1A,frameshift_variant,frameshift_variant
1,27105930,TGGGGGGGA,TGGGGGGA,INDEL,4014,,,,ARID1A,frameshift_variant,frameshift_variant
1,27107263,TCCCCCCCCCG,TCCCCCCCCG,INDEL,2856,,,,ARID1A,3_prime_UTR_variant,3_prime_UTR_variant
1,27688633,G,A,SNV,2376,,,,MAP3K6,missense_variant,missense_variant
1,36935322,TGGGGGGGC,TGGGGGGC,INDEL,2450,,,,CSF3R,frameshift_variant,frameshift_variant
1,36937059,A,G,SNV,1920,,,,CSF3R,synonymous_variant,synonymous_variant
1,36937065,A,G,SNV,1988,,,,CSF3R,synonymous_variant,synonymous_variant
1,36937878,C,T,SNV,1310,,,,CSF3R,missense_variant,missense_variant
1,37948912,C,T,SNV,3528,,,,ZC3H12A,synonymous_variant,synonymous_variant
1,37949052,G,A,SNV,3030,,,,ZC3H12A,missense_variant,missense_variant
1,40363054,G,C,SNV,2918,,,,MYCL,downstream_gene_variant,missense_variant
1,43771016,TAA,TA,INDEL,1464,,,,TIE1,splice_region_variant,splice_region_variant
1,43779564,T,C,SNV,1328,,,,TIE1,synonymous_variant,synonymous_variant
1,43804340,G,A,SNV,4188,,,,MPL,missense_variant,missense_variant
1,44010737,A,T,SNV,1400,,,,PTPRF,5_prime_UTR_variant,5_prime_UTR_variant
1,44071037,G,A,SNV,2094,,,,PTPRF,synonymous_variant,synonymous_variant
1,44071296,A,G,SNV,1054,,,,PTPRF,splice_donor_region_variant,splice_donor_region_variant
1,44400532,T,A,SNV,1358,,,,ST3GAL3,downstream_gene_variant,intron_variant
1,44401384,A,G,SNV,1936,,,,ST3GAL3,downstream_gene_variant,missense_variant
1,44403489,G,T,SNV,2944,,,,ARTN,downstream_gene_variant,downstream_gene_variant
1,45294261,C,T,SNV,1494,,,,PTCH2,missense_variant,missense_variant
1,45796269,G,C,SNV,2316,,,,HPDL,downstream_gene_variant,intron_variant
1,45797505,C,G,SNV,3140,,,,HPDL,downstream_gene_variant,missense_variant
1,45798458,G,A,SNV,5086,,,,HPDL,downstream_gene_variant,missense_variant
1,45798555,T,C,SNV,3926,,,,HPDL,downstream_gene_variant,non_coding_transcript_exon_variant
1,46476587,T,G,SNV,3020,,,,MAST2,missense_variant,missense_variant
1,46493460,T,G,SNV,3496,,,,MAST2,missense_variant,missense_variant
1,46494558,CTTTTTTTG,CTTTTTTG,INDEL,3340,,,,MAST2,frameshift_variant,frameshift_variant
1,46496709,A,G,SNV,1976,,,,MAST2,synonymous_variant,synonymous_variant
1,46498353,G,A,SNV,2358,,,,MAST2,missense_variant,missense_variant
1,46498375,A,G,SNV,1950,,,,MAST2,synonymous_variant,synonymous_variant
1,46499526,A,G,SNV,3846,,,,MAST2,missense_variant,missense_variant
1,46500251,G,A,SNV,3538,,,,MAST2,missense_variant,missense_variant
1,46500993,A,G,SNV,4076,,,,PIK3R3,downstream_gene_variant,missense_variant
1,46521517,G,A,SNV,2866,,,,PIK3R3,synonymous_variant,synonymous_variant
1,46521559,A,T,SNV,3044,,,,PIK3R3,missense_variant,missense_variant
1,46527752,GAG,AAA,MNV,1916,,,,PIK3R3,splice_polypyrimidine_tract_variant,splice_polypyrimidine_tract_variant
1,46527760,G,A,SNV,1800,,,,PIK3R3,splice_polypyrimidine_tract_variant,splice_polypyrimidine_tract_variant
1,47682017,TAC,GAG,MNV,3522,,,,TAL1,3_prime_UTR_variant,3_prime_UTR_variant
1,47682037,GTTTTTTTTG,GTTTTTTTTTG,INDEL,3116,,,,TAL1,3_prime_UTR_variant,3_prime_UTR_variant
1,47685455,T,C,SNV,1238,,,,TAL1,synonymous_variant,synonymous_variant
1,47685575,T,C,SNV,878,,,,TAL1,synonymous_variant,synonymous_variant
1,47691568,GCAGACAGACAGAC,GCAGACAGAC,INDEL,308,,,,TAL1,splice_region_variant,splice_region_variant
1,47693377,T,C,SNV,3770,,,,TAL1,intron_variant,non_coding_transcript_exon_variant
1,47799639,G,C,SNV,480,,,,CMPK1,non_coding_transcript_exon_variant,missense_variant
1,47803739,A,G,SNV,2594,,,,CMPK1,intron_variant,intron_variant
1,47842431,G,A,SNV,1826,,,,CMPK1,downstream_gene_variant,3_prime_UTR_variant
1,51437260,ATTTTTTTTC,ATTTTTTTTTC,INDEL,2144,,,,CDKN2C,intron_variant,intron_variant
1,54060016,G,C,SNV,1872,,,,GLIS1,missense_variant,missense_variant
1,54060248,T,C,SNV,2334,,,,GLIS1,missense_variant,missense_variant
1,55505552,ACTGCTGCTGCTGCTGCTGCTGC,ACTGCTGCTGCTGCTGCTGC,INDEL,682,,,,PCSK9,frameshift_variant,frameshift_variant
1,55505651,C,T,SNV,1018,,,,PCSK9,synonymous_variant,synonymous_variant
1,55505732,A,G,SNV,768,,,,PCSK9,intron_variant,intron_variant
1,55523033,A,G,SNV,2654,,,,PCSK9,synonymous_variant,synonymous_variant
1,55524197,A,G,SNV,1132,,,,PCSK9,synonymous_variant,missense_variant
1,55524237,G,A,SNV,1392,,,,PCSK9,missense_variant,missense_variant
1,55529187,G,A,SNV,1196,,,,USP24,downstream_gene_variant,missense_variant
1,59246115,T,G,SNV,3338,,,,JUN,downstream_gene_variant,upstream_gene_variant
1,59247928,CTTTTTC,CTTTTC,INDEL,3804,,,,JUN,frameshift_variant,frameshift_variant
1,59248123,GGCTGCTGCTGCTGCTG,GGCTGCTGCTGCTG,INDEL,846,,,,JUN,frameshift_variant,frameshift_variant
1,59248813,G,C,SNV,3956,,,,JUN,5_prime_UTR_variant,5_prime_UTR_variant
1,59249031,T,G,SNV,1436,,,,JUN,5_prime_UTR_variant,5_prime_UTR_variant
1,59250418,C,G,SNV,1760,,,,JUN,upstream_gene_variant,upstream_gene_variant
1,59250452,A,G,SNV,2008,,,,JUN,upstream_gene_variant,upstream_gene_variant
1,59252162,T,C,SNV,2608,,,,JUN,upstream_gene_variant,intron_variant
1,60366750,G,A,SNV,3462,,,,CYP2J2,missense_variant,missense_variant
1,61543222,CAAAAAAAAG,CAAAAAAAG,INDEL,4096,,,,NFIA,upstream_gene_variant,5_prime_UTR_variant
1,61553801,C,G,SNV,1812,,,,NFIA,intron_variant,intron_variant
1,61872215,GCCCCCCCCCCCCCCA,GCCCCCCCCCCCCCA,INDEL,372,,,,NFIA,intron_variant,intron_variant
1,64515379,C,T,SNV,2034,,,,ROR1,synonymous_variant,synonymous_variant
1,64608329,G,T,SNV,3282,,,,ROR1,synonymous_variant,synonymous_variant
1,64624842,A,G,SNV,4066,,,,ROR1,synonymous_variant,synonymous_variant
1,65306996,GTTTTTTTTC,GTTTTTTTTTC,INDEL,4104,,,,JAK1,frameshift_variant,frameshift_variant
1,65307227,C,T,SNV,3478,,,,JAK1,missense_variant,missense_variant
1,65310489,T,C,SNV,3162,,,,JAK1,synonymous_variant,synonymous_variant
1,65321388,G,A,SNV,2516,,,,JAK1,splice_region_variant,splice_region_variant
1,65325970,C,T,SNV,2784,,,,JAK1,intron_variant,intron_variant
1,65339110,CTTTTTTTTC,CTTTTTTTC,INDEL,3306,,,,JAK1,frameshift_variant,frameshift_variant
1,66036501,G,T,SNV,2374,,,,LEPR,intron_variant,intron_variant
1,66058440,C,T,SNV,4052,,,,LEPR,missense_variant,missense_variant
1,66067396,T,C,SNV,1986,,,,LEPR,intron_variant,intron_variant
1,66088677,ATTTTTTTTA,ATTTTTTTA,INDEL,3278,,,,LEPR,intron_variant,non_coding_transcript_exon_variant
1,67633812,G,T,SNV,1864,,,,IL23R,missense_variant,missense_variant
1,67685387,T,C,SNV,3782,,,,IL23R,missense_variant,missense_variant
1,67705958,G,A,SNV,2384,,,,IL23R,missense_variant,missense_variant
1,67795319,T,C,SNV,3130,,,,IL12RB2,synonymous_variant,synonymous_variant
1,67845648,CTTCCTT,CT,INDEL,1936,,,,IL12RB2,intron_variant,non_coding_transcript_exon_variant
1,67861371,GAAAAAG,GAAAAG,INDEL,4746,,,,IL12RB2,frameshift_variant,frameshift_variant
1,67861520,C,A,SNV,4588,,,,IL12RB2,synonymous_variant,synonymous_variant
1,68513484,C,T,SNV,2054,,,,DIRAS3,intron_variant,intron_variant
1,68516435,T,C,SNV,1140,,,,DIRAS3,5_prime_UTR_variant,5_prime_UTR_variant
1,68532775,T,C,SNV,5530,,,,GNG12-AS1,intron_variant,intron_variant
1,76262859,GAGCAGCAGCAGCAGCAGCC,GAGCAGCAGCAGCAGCC,INDEL,1230,,,,MSH4,frameshift_variant,frameshift_variant
1,76269460,G,A,SNV,3562,,,,MSH4,missense_variant,missense_variant
1,76313962,G,A,SNV,1934,,,,MSH4,splice_donor_variant,splice_donor_variant
1,76344011,C,A,SNV,1554,,,,MSH4,splice_region_variant,splice_region_variant
1,76344711,A,T,SNV,2500,,,,MSH4,synonymous_variant,synonymous_variant
1,76346920,CG,CATG,INDEL,1314,,,,MSH4,splice_polypyrimidine_tract_variant,splice_polypyrimidine_tract_variant
1,78414329,G,A,SNV,866,,,,FUBP1,intron_variant,3_prime_UTR_variant
1,78432647,GAAAAAAAAAAAT,GAAAAAAAAAAT,INDEL,1948,,,,FUBP1,splice_polypyrimidine_tract_variant,splice_polypyrimidine_tract_variant
1,78435701,TAAAAAAAAAAAAG,TAAAAAAAAAAAG,INDEL,1292,,,,FUBP1,splice_region_variant,splice_region_variant
1,82302600,T,C,SNV,2338,,,,LPHN2,5_prime_UTR_variant,5_prime_UTR_variant
1,82421596,C,T,SNV,3138,,,,LPHN2,synonymous_variant,synonymous_variant
1,84640691,T,G,SNV,1382,,,,PRKACB,intron_variant,intron_variant
1,84641416,CTTTTTTTTTTC,CTTTTTTTTTC,INDEL,1416,,,,PRKACB,intron_variant,intron_variant
1,85732065,A,G,SNV,2746,,,,BCL10,3_prime_UTR_variant,3_prime_UTR_variant
1,85736457,T,C,SNV,6140,,,,BCL10,missense_variant,missense_variant
1,85736510,ATTTTTTTTG,ATTTTTTTG,INDEL,5152,,,,BCL10,frameshift_variant,frameshift_variant
1,85741734,A,T,SNV,3338,,,,BCL10,intron_variant,intron_variant
1,85741968,G,C,SNV,1256,,,,BCL10,intron_variant,intron_variant
1,85742023,C,A,SNV,1090,,,,BCL10,missense_variant,missense_variant
1,85742157,G,C,SNV,858,,,,BCL10,5_prime_UTR_variant,5_prime_UTR_variant
1,85746754,T,C,SNV,5542,,,,BCL10,upstream_gene_variant,intron_variant
1,89449390,T,C,SNV,6320,,,,CCBL2,intron_variant,missense_variant
1,89449399,T,C,SNV,6500,,,,CCBL2,intron_variant,synonymous_variant
1,89449508,ATTTTTTTTTTTG,ATTTTTTTTTTG,INDEL,2976,,,,CCBL2,intron_variant,frameshift_variant
1,92428495,C,A,SNV,4758,,,,BRDT,downstream_gene_variant,missense_variant
1,92447227,GAGCAGCAGCAGCAGCAGCAGCT,GAGCAGCAGCAGCAGCAGCT,INDEL,2352,,,,BRDT,frameshift_variant,frameshift_variant
1,92457843,C,T,SNV,1172,,,,BRDT,missense_variant,missense_variant
1,92467716,ATTTTTTTTTTC,ATTTTTTTTTC,INDEL,1126,,,,BRDT,intron_variant,intron_variant
